City_ID,City,Country,Lat,Lng,Max Temp,Humidity,Cloudiness,Wind Speed,Current Description
0,Cabo San Lucas,MX,22.8909,-109.9124,73.71,72,0,3.44,clear sky
1,Kapaa,US,22.0752,-159.319,80.92,68,20,16.11,few clouds
2,Antofagasta,CL,-23.65,-70.4,67.28,80,16,5.3,few clouds
3,Atuona,PF,-9.8,-139.0333,78.69,74,5,14.18,clear sky
4,Puerto Ayora,EC,-0.7393,-90.3518,72.55,95,8,1.99,clear sky
5,Puri,IN,19.8,85.85,59.52,48,0,10.42,clear sky
6,Katsuura,JP,35.1333,140.3,52.56,59,2,5.59,clear sky
7,Port Alfred,ZA,-33.5906,26.891,68.5,83,0,10.31,clear sky
8,Tuktoyaktuk,CA,69.4541,-133.0374,-0.4,85,100,9.22,light snow
9,Ushuaia,AR,-54.8,-68.3,67.66,49,75,6.91,light rain
10,College,US,64.8569,-147.8028,6.75,78,100,0.0,light snow
11,Zhigansk,RU,66.7697,123.3711,-33.54,99,100,9.35,overcast clouds
12,Norrtalje,SE,59.758,18.705,37.58,98,100,10.07,overcast clouds
13,Jamestown,US,42.097,-79.2353,31.59,68,100,1.99,overcast clouds
14,Cape Town,ZA,-33.9258,18.4232,68.92,83,20,10.36,few clouds
15,Qaanaaq,GL,77.484,-69.3632,-12.48,98,100,2.08,overcast clouds
16,Ercis,TR,39.0287,43.3586,24.15,84,100,4.16,overcast clouds
17,San Francisco,US,37.7749,-122.4194,60.89,79,100,10.36,overcast clouds
18,Mataura,NZ,-46.1927,168.8643,83.19,29,0,4.56,clear sky
19,Panzhihua,CN,26.5851,101.7128,53.01,57,0,0.43,clear sky
20,Punta Arenas,CL,-53.15,-70.9167,62.71,59,0,6.91,clear sky
21,Hobart,AU,-42.8794,147.3294,79.27,63,1,1.99,clear sky
22,Port Elizabeth,ZA,-33.918,25.5701,65.32,94,0,4.61,clear sky
23,Nanortalik,GL,60.1432,-45.2371,27.97,71,100,13.49,overcast clouds
24,Sibu,MY,2.3,111.8167,77.31,88,20,3.44,few clouds
25,New Norfolk,AU,-42.7826,147.0587,78.91,35,0,3.0,clear sky
26,Bethel,US,41.3712,-73.414,34.11,78,0,0.0,clear sky
27,Los Llanos De Aridane,ES,28.6585,-17.9182,58.75,58,0,8.05,clear sky
28,Castro,BR,-24.7911,-50.0119,57.49,98,31,8.05,scattered clouds
29,Busselton,AU,-33.65,115.3333,78.87,41,0,6.6,clear sky
30,San Joaquin,US,37.9333,-121.3011,57.85,82,0,12.66,clear sky
31,Sebrovo,RU,50.0981,43.2976,5.97,95,99,4.43,overcast clouds
32,Kaitangata,NZ,-46.2817,169.8464,70.84,53,0,9.06,clear sky
33,Victoria,HK,22.2855,114.1577,68.38,72,100,5.99,overcast clouds
34,Lebu,CL,-37.6167,-73.65,59.07,94,4,4.97,clear sky
35,Nouadhibou,MR,20.931,-17.0347,66.18,37,2,14.97,clear sky
36,Yulara,AU,-25.2406,130.9889,80.47,45,34,26.4,scattered clouds
37,Upernavik,GL,72.7868,-56.1549,-18.11,92,17,8.66,few clouds
38,Rikitea,PF,-23.1203,-134.9692,78.67,74,2,13.6,clear sky
39,Placer,US,39.0666,-120.7677,44.67,90,100,3.0,overcast clouds
40,Codrington,AU,-38.2667,141.9667,68.81,62,100,13.13,overcast clouds
41,Bluff,NZ,-46.6,168.3333,65.19,72,7,1.59,clear sky
42,Chuy,UY,-33.6971,-53.4616,67.28,78,0,8.93,clear sky
43,Hithadhoo,MV,-0.6,73.0833,81.19,73,80,6.55,broken clouds
44,Casper,US,42.8666,-106.3131,36.72,63,0,26.46,clear sky
45,Sitka,US,57.0531,-135.33,39.09,81,20,4.61,few clouds
46,Cabimas,VE,10.3883,-71.4399,78.82,80,10,11.43,clear sky
47,Kidal,ML,18.4411,1.4078,66.13,20,92,11.07,overcast clouds
48,Sarkand,KZ,45.41,79.9186,34.03,95,100,4.05,overcast clouds
49,Waterford,US,42.7023,-83.4027,29.28,81,100,8.05,overcast clouds
50,Araouane,ML,18.9048,-3.5265,62.53,15,91,13.53,overcast clouds
51,Upata,VE,8.0086,-62.3989,72.19,96,100,4.09,overcast clouds
52,Leh,IN,34.1667,77.5833,20.35,95,100,3.18,light snow
53,Carnarvon,AU,-24.8667,113.6333,80.73,58,0,15.5,clear sky
54,Coihaique,CL,-45.5752,-72.0662,65.01,82,0,6.91,clear sky
55,Tiksi,RU,71.6872,128.8694,-37.35,99,100,1.86,overcast clouds
56,Umm Lajj,SA,25.0213,37.2685,68.63,59,74,4.21,broken clouds
57,Sioux Lookout,CA,50.1001,-91.917,19.47,93,100,4.61,mist
58,Georgetown,MY,5.4112,100.3354,80.53,87,20,5.01,few clouds
59,Dikson,RU,73.5069,80.5464,-35.68,92,20,9.35,few clouds
60,Kaputa,ZM,-8.4689,29.6619,66.47,89,100,3.96,light rain
61,Kahului,US,20.8947,-156.47,80.96,67,20,17.27,few clouds
62,Lorengau,PG,-2.0226,147.2712,84.61,69,70,7.72,light rain
63,Saskylakh,RU,71.9167,114.0833,-24.14,98,100,6.29,overcast clouds
64,Hilo,US,19.7297,-155.09,80.33,66,0,9.22,clear sky
65,Camacha,PT,33.0833,-16.3333,60.22,88,40,0.0,scattered clouds
66,Mubende,UG,0.5606,31.39,65.16,53,100,1.39,overcast clouds
67,Port-Gentil,GA,-0.7193,8.7815,76.05,89,100,13.13,light rain
68,Caravelas,BR,-17.7125,-39.2481,74.55,91,100,4.43,overcast clouds
69,Borisoglebskiy,RU,57.2586,39.1508,-31.02,100,35,4.32,scattered clouds
70,Avarua,CK,-21.2078,-159.775,77.05,94,75,12.66,moderate rain
71,Logansport,US,40.7545,-86.3567,31.53,92,0,4.61,clear sky
72,Hermanus,ZA,-34.4187,19.2345,60.8,91,96,6.2,overcast clouds
73,Rawson,AR,-43.3002,-65.1023,81.21,41,100,30.62,overcast clouds
74,Jibuti,DJ,11.5,42.5,67.21,78,7,13.09,clear sky
75,Butaritari,KI,3.0707,172.7902,80.94,78,61,9.28,broken clouds
76,Havoysund,NO,70.9963,24.6622,21.43,75,100,34.61,overcast clouds
77,Cherskiy,RU,68.75,161.3,-44.01,100,67,4.54,broken clouds
78,Mahebourg,MU,-20.4081,57.7,77.29,83,40,5.75,scattered clouds
79,Pevek,RU,69.7008,170.3133,-25.53,97,99,0.67,overcast clouds
80,Cidreira,BR,-30.1811,-50.2056,71.38,77,6,14.14,clear sky
81,Constitucion,CL,-35.3333,-72.4167,58.19,95,15,7.67,few clouds
82,Benghazi,LY,32.1167,20.0667,59.77,68,5,3.87,clear sky
83,Formosa,AR,-26.1775,-58.1781,80.58,57,0,4.61,clear sky
84,Planeta Rica,CO,8.4147,-75.5883,75.43,92,57,7.49,broken clouds
85,Qasigiannguit,GL,68.8193,-51.1922,3.45,86,29,4.0,scattered clouds
86,Brigantine,US,39.4101,-74.3646,43.05,75,100,8.01,overcast clouds
87,Saint Anthony,US,45.0205,-93.218,19.02,84,0,6.91,haze
88,Cubuk,TR,40.2386,33.0322,28.15,86,75,4.61,broken clouds
89,Lata,PT,40.1629,-8.3327,57.81,97,100,3.2,overcast clouds
90,Walvis Bay,NA,-22.9575,14.5053,65.08,88,0,6.91,clear sky
91,Souillac,MU,-20.5167,57.5167,77.38,83,40,5.75,scattered clouds
92,Vila Velha,BR,-20.3297,-40.2925,75.15,91,100,2.3,overcast clouds
93,Yangjiang,CN,21.85,111.9667,62.46,84,100,8.14,overcast clouds
94,Lompoc,US,34.6391,-120.4579,60.6,78,100,16.11,overcast clouds
95,Khatanga,RU,71.9667,102.5,-57.48,100,76,3.83,broken clouds
96,Gamba,GA,-2.65,10.0,74.48,91,100,4.12,light rain
97,Dalianwan,CN,39.0286,121.695,32.04,40,0,8.95,clear sky
98,Bredasdorp,ZA,-34.5322,20.0403,63.86,96,54,1.54,broken clouds
99,Coquimbo,CL,-29.9533,-71.3436,64.13,88,0,6.91,clear sky
100,Saint George,US,37.1041,-113.5841,50.95,64,75,5.99,broken clouds
101,Geraldton,AU,-28.7667,114.6,84.61,34,0,10.36,clear sky
102,Moose Factory,CA,51.2585,-80.6094,21.2,93,100,4.61,snow
103,Vila Franca Do Campo,PT,37.7167,-25.4333,61.21,90,97,8.23,overcast clouds
104,Champerico,GT,14.3,-91.9167,79.12,71,14,3.89,few clouds
105,Isangel,VU,-19.55,169.2667,80.96,85,100,21.54,moderate rain
106,Cedar City,US,37.6775,-113.0619,38.37,56,20,9.22,few clouds
107,Arraial Do Cabo,BR,-22.9661,-42.0278,71.38,90,100,6.91,overcast clouds
108,Airai,TL,-8.9266,125.4092,71.74,56,98,1.95,overcast clouds
109,Dicabisagan,PH,17.0818,122.4157,74.25,81,100,7.02,overcast clouds
110,Fomboni,KM,-12.28,43.7425,81.97,73,83,10.56,broken clouds
111,Vestmanna,FO,62.1564,-7.1664,41.92,81,75,24.16,moderate rain
112,Visby,SE,57.6409,18.296,41.22,93,100,9.22,drizzle
113,Yellowknife,CA,62.456,-114.3525,10.92,85,100,6.91,light snow
114,Lumding,IN,25.7535,93.1732,58.53,67,0,1.12,clear sky
115,Mumford,GH,5.2618,-0.759,78.4,91,1,5.32,clear sky
116,Berlevag,NO,70.8578,29.0864,19.4,86,100,58.7,light snow
117,Gat,IL,31.61,34.7642,55.4,100,21,4.99,few clouds
118,Koungou,YT,-12.7336,45.2042,80.31,78,20,5.75,few clouds
119,Sao Filipe,CV,14.8961,-24.4956,73.11,68,0,14.85,clear sky
120,Lagoa,PT,39.05,-27.9833,61.61,79,100,23.06,overcast clouds
121,Zabaykalsk,RU,49.6333,117.3167,4.42,86,82,4.45,broken clouds
122,Faanui,PF,-16.4833,-151.75,80.8,77,28,12.35,light rain
123,Bulungu,CD,-4.55,18.6,68.72,92,100,2.13,overcast clouds
124,Saint-Philippe,RE,-21.3585,55.7679,76.59,81,34,10.89,scattered clouds
125,Broken Hill,AU,-31.95,141.4333,95.7,14,3,9.93,clear sky
126,Sogamoso,CO,5.7143,-72.9339,51.84,91,95,2.75,overcast clouds
127,Ascension,US,30.2169,-90.9001,65.05,94,99,8.88,overcast clouds
128,Ligayan,PH,4.6533,119.4706,79.14,84,100,13.13,overcast clouds
129,Vardo,NO,70.3705,31.1107,22.98,68,100,37.98,light snow
130,Auki,SB,-8.7676,160.7034,86.45,62,48,10.07,scattered clouds
131,Ponta Do Sol,PT,32.6667,-17.1,64.71,81,6,1.32,clear sky
132,Meaford,CA,44.6001,-80.583,30.52,89,93,10.29,overcast clouds
133,Mersing,MY,2.4312,103.8405,78.71,94,20,2.3,few clouds
134,Cordoba,AR,-31.4135,-64.1811,82.24,43,0,6.91,clear sky
135,Bentiu,SS,9.2333,29.8333,70.34,29,17,5.41,few clouds
136,Albany,US,42.6001,-73.9662,29.23,77,1,0.96,clear sky
137,Eyl,SO,7.9803,49.8164,73.94,77,82,14.58,broken clouds
138,Margate,GB,51.3813,1.3862,45.1,89,100,5.01,light rain
139,Ternate,ID,0.8,127.4,81.12,82,86,10.31,overcast clouds
140,Hue,VN,16.4667,107.6,66.31,100,100,6.91,mist
141,Grand Gaube,MU,-20.0064,57.6608,77.4,76,4,1.99,clear sky
142,Guerrero Negro,MX,27.9769,-114.0611,59.63,72,0,8.23,clear sky
143,Russell,US,32.3502,-85.1999,58.6,72,0,3.44,clear sky
144,Pangody,RU,65.85,74.4859,-8.0,98,99,11.21,overcast clouds
145,Lavrentiya,RU,65.5833,-171.0,-8.25,93,14,4.63,few clouds
146,Tasiilaq,GL,65.6145,-37.6368,19.56,60,59,8.37,broken clouds
147,Norman Wells,CA,65.282,-126.8329,-0.36,85,75,4.61,light snow
148,Nikolskoye,RU,59.7035,30.7861,10.29,91,99,10.11,overcast clouds
149,Monroe,US,43.1501,-77.6831,30.96,83,75,0.0,broken clouds
150,Teguise,ES,29.0605,-13.564,59.22,77,20,9.22,few clouds
151,Hasaki,JP,35.7333,140.8333,52.29,61,0,7.34,clear sky
152,Bengkulu,ID,-3.8004,102.2655,78.96,76,100,4.99,overcast clouds
153,Narsaq,GL,60.9167,-46.05,19.35,67,100,10.0,overcast clouds
154,San Rafael,AR,-34.6177,-68.3301,84.74,31,86,9.64,overcast clouds
155,Dumbea,NC,-22.15,166.45,82.36,68,78,14.05,broken clouds
156,Inta,RU,66.0317,60.1659,-12.23,98,100,12.64,overcast clouds
157,Frederick,US,39.4668,-77.3997,40.05,75,100,5.75,overcast clouds
158,Wewak,PG,-3.5534,143.6268,83.05,74,93,2.33,moderate rain
159,Bushehr,IR,28.9684,50.8385,48.29,81,20,4.61,few clouds
160,Severo-Kurilsk,RU,50.6789,156.125,25.77,66,97,15.93,overcast clouds
161,Monster,NL,52.0258,4.175,44.51,89,100,11.5,overcast clouds
162,Colomi,BO,-17.35,-65.8667,54.46,90,99,1.28,overcast clouds
163,Mandalgovi,MN,45.7625,106.2708,15.75,66,5,7.34,clear sky
164,Fengzhen,CN,40.4394,113.1536,26.31,47,8,2.08,clear sky
165,Sisimiut,GL,66.9395,-53.6735,11.16,76,80,8.75,broken clouds
166,Lebowakgomo,ZA,-24.2,29.5,55.85,71,7,3.24,clear sky
167,Dubbo,AU,-32.25,148.6167,87.93,23,2,5.75,clear sky
168,Bolu,TR,40.6667,31.5833,33.44,75,1,3.02,clear sky
169,Neiafu,TO,-18.65,-173.9833,86.68,84,75,11.5,broken clouds
170,Amantea,IT,39.1332,16.0746,51.44,76,34,2.84,scattered clouds
171,Mercedes,AR,-34.6515,-59.4307,74.79,62,0,14.25,clear sky
172,French Harbor,HN,16.35,-86.4333,77.07,93,29,7.02,scattered clouds
173,General Roca,AR,-39.0333,-67.5833,93.61,17,35,23.13,scattered clouds
174,Nuuk,GL,64.1835,-51.7216,23.56,87,100,8.66,overcast clouds
175,Taoudenni,ML,22.6783,-3.9836,58.71,23,100,12.06,overcast clouds
176,Vrangel,RU,42.7297,133.0839,23.79,57,7,16.55,clear sky
177,Bubaque,GW,11.2833,-15.8333,80.15,52,100,24.07,overcast clouds
178,Chipata,ZM,-13.6333,32.65,64.13,96,100,2.64,light rain
179,San Cristobal,VE,7.7669,-72.225,68.18,98,54,1.52,broken clouds
180,Tabuk,PH,17.4189,121.4443,73.83,76,45,3.89,scattered clouds
181,Yarega,RU,63.4354,53.5765,-21.42,100,100,4.83,overcast clouds
182,Saint-Joseph,RE,-21.3667,55.6167,75.58,78,16,10.42,few clouds
183,East London,ZA,-33.0153,27.9116,67.53,86,1,12.28,clear sky
184,Huntingdon,GB,52.3305,-0.1865,41.02,93,71,8.08,broken clouds
185,Tabas,IR,33.5959,56.9244,46.98,45,0,2.15,clear sky
186,Sur,OM,22.5667,59.5289,68.18,78,0,2.19,clear sky
187,Henties Bay,NA,-22.116,14.2845,64.58,91,12,7.76,few clouds
188,Urumita,CO,10.5589,-73.0123,81.01,83,33,5.08,scattered clouds
189,Rocha,UY,-34.4833,-54.3333,64.94,88,0,9.4,clear sky
190,Laguna,US,38.421,-121.4238,58.05,80,75,6.91,broken clouds
191,Chapais,CA,49.7834,-74.8492,15.58,94,100,9.24,light snow
192,Port Lincoln,AU,-34.7333,135.8667,70.36,66,16,13.8,few clouds
193,Parabel,RU,58.6978,81.4825,0.19,91,100,15.7,overcast clouds
194,Nhulunbuy,AU,-12.2333,136.7667,83.01,83,75,4.61,broken clouds
195,Buraydah,SA,26.326,43.975,57.65,76,100,9.24,light rain
196,Nkhata Bay,MW,-11.6066,34.2907,72.68,86,100,4.7,light rain
197,Mecca,SA,21.4267,39.8261,68.25,74,39,2.46,scattered clouds
198,Kodiak,US,57.79,-152.4072,29.71,86,100,12.66,snow
199,Awjilah,LY,29.1081,21.2869,52.84,82,0,9.75,clear sky
200,Mitchell,US,43.7094,-98.0298,10.38,85,0,5.75,haze
201,Skagen,DK,57.7209,10.5839,41.63,96,48,14.52,scattered clouds
202,Hoquiam,US,46.9809,-123.8893,48.99,87,100,18.41,overcast clouds
203,Kavaratti,IN,10.5669,72.642,81.72,66,0,10.18,clear sky
204,Manga,BF,11.6636,-1.0731,71.94,21,6,9.06,clear sky
205,San-Pedro,CI,4.7485,-6.6363,77.05,90,29,6.44,scattered clouds
206,Wanning,CN,18.8003,110.3967,68.49,93,99,6.89,overcast clouds
207,Asau,RO,46.4333,26.4,36.52,92,33,3.89,scattered clouds
208,Hay River,CA,60.8156,-115.7999,-0.42,85,100,3.44,overcast clouds
209,Mehamn,NO,71.0357,27.8492,19.35,93,100,42.57,light snow
210,Iralaya,HN,15.0,-83.2333,75.79,85,80,7.27,light rain
211,Pala,TD,9.3642,14.9046,68.41,20,99,8.34,overcast clouds
212,Pemangkat,ID,1.1667,108.9667,80.91,80,91,2.55,overcast clouds
213,Chaihe,CN,44.7667,129.7,8.42,77,10,6.67,clear sky
214,Mahajanga,MG,-15.7167,46.3167,73.42,100,40,5.75,thunderstorm with light rain
215,Anadyr,RU,64.75,177.4833,16.3,92,100,24.61,light snow
216,Pedernales,DO,18.0384,-71.744,75.99,78,0,3.8,light rain
217,Bharatpur,IN,27.2167,77.4833,47.91,41,92,3.44,overcast clouds
218,Fort Nelson,CA,58.8053,-122.7002,2.79,85,75,0.0,light snow
219,Barrow,US,71.2906,-156.7887,-0.38,78,100,9.22,overcast clouds
220,Honiara,SB,-9.4333,159.95,83.98,76,90,6.15,overcast clouds
221,Leningradskiy,RU,69.3833,178.4167,-22.38,97,55,2.39,broken clouds
222,Kloulklubed,PW,7.0419,134.2556,81.1,80,100,15.57,overcast clouds
223,Luderitz,NA,-26.6481,15.1594,61.47,93,3,8.93,clear sky
224,Rong Kwang,TH,18.339,100.3174,73.44,56,81,2.89,broken clouds
225,Kamaishi,JP,39.2667,141.8833,41.86,64,95,5.37,overcast clouds
226,Griffith,US,41.5284,-87.4237,30.69,83,100,8.05,overcast clouds
227,Cockburn Town,TC,21.4612,-71.1419,76.96,73,75,12.66,broken clouds
228,Tuding,PH,16.4103,120.6442,69.85,55,5,1.74,clear sky
229,Hays,US,30.0502,-98.0336,58.06,57,92,1.01,overcast clouds
230,Khorixas,NA,-20.3667,14.9667,66.04,39,39,3.62,scattered clouds
231,Thompson,CA,55.7435,-97.8558,-7.89,100,37,2.3,scattered clouds
232,Cockeysville,US,39.4812,-76.6439,40.82,76,100,1.99,overcast clouds
233,Dzhebariki-Khaya,RU,62.2167,135.8,-22.79,97,100,1.52,overcast clouds
234,Jacareacanga,BR,-6.2222,-57.7528,72.93,94,99,1.88,overcast clouds
235,Otautau,NZ,-46.15,168.0,79.16,40,0,5.93,clear sky
236,Ribeira Grande,PT,38.5167,-28.7,62.78,90,100,17.0,overcast clouds
237,Santa Cruz,BO,-17.8,-63.1667,78.26,83,75,6.91,broken clouds
238,Martyush,RU,56.4,61.8819,-14.91,86,100,11.97,overcast clouds
239,Lusambo,CD,-4.9667,23.45,68.05,97,100,1.83,overcast clouds
240,Huarmey,PE,-10.0681,-78.1522,70.36,80,99,7.29,overcast clouds
241,Ancud,CL,-41.8697,-73.8203,59.77,91,97,10.02,overcast clouds
242,Borazjan,IR,29.2666,51.2159,53.33,66,50,1.45,scattered clouds
243,Sooke,CA,48.3746,-123.7276,46.89,94,100,4.05,heavy intensity rain
244,Dunda,TZ,-8.1167,34.25,64.58,99,100,4.05,light rain
245,Harper,LR,4.375,-7.7169,78.49,83,42,6.46,scattered clouds
246,Yar-Sale,RU,66.8333,70.8333,-11.04,91,70,18.37,broken clouds
247,Klaksvik,FO,62.2266,-6.589,43.72,89,43,17.52,light rain
248,Cochabamba,BO,-17.3895,-66.1568,63.19,49,75,3.44,broken clouds
249,Shelburne,CA,44.0787,-80.2041,25.9,93,100,6.67,overcast clouds
250,Chokurdakh,RU,70.6333,147.9167,-16.22,99,100,6.29,overcast clouds
251,Fortuna,US,40.5982,-124.1573,53.98,78,0,20.71,clear sky
252,Pecos,US,31.4229,-103.4932,58.86,37,0,3.44,clear sky
253,Powell,US,40.1578,-83.0752,37.6,80,100,6.91,overcast clouds
254,Chippewa Falls,US,44.9369,-91.3929,17.78,83,0,3.44,clear sky
255,Bambous Virieux,MU,-20.3428,57.7575,77.25,83,40,5.75,light rain
256,Nehe,CN,48.4833,124.8333,-3.1,94,27,2.62,scattered clouds
257,Chernyshevsk,RU,52.5243,117.0174,-9.49,97,100,2.48,overcast clouds
258,Ayan,RU,56.45,138.1667,0.86,75,94,5.97,overcast clouds
259,Padang,ID,-0.9492,100.3543,78.85,72,88,1.59,overcast clouds
260,Richards Bay,ZA,-28.783,32.0377,65.21,89,0,7.43,clear sky
261,Kendal,GB,54.3268,-2.7476,44.58,95,67,14.67,broken clouds
262,Belyy Yar,RU,53.6039,91.3903,8.85,79,100,4.47,mist
263,Mastic Beach,US,40.7668,-72.8521,38.77,76,0,0.0,clear sky
264,Serdobsk,RU,52.4586,44.2169,-4.04,95,30,5.06,scattered clouds
265,Vaini,TO,-21.2,-175.2,87.96,74,75,10.36,broken clouds
266,Sao Jose Da Coroa Grande,BR,-8.8978,-35.1478,77.22,77,48,7.61,scattered clouds
267,Spassk,RU,52.747,87.7545,29.93,97,100,5.46,snow
268,Banovici,BA,44.4053,18.5242,39.65,93,0,5.75,clear sky
269,Marzuq,YE,14.4,46.4667,59.47,76,4,3.6,clear sky
270,Agadez,NE,19.75,10.25,54.84,32,93,10.85,overcast clouds
271,Jacksonville,US,30.3322,-81.6556,63.03,83,40,6.91,scattered clouds
272,Kudat,MY,6.8837,116.8477,78.73,89,20,3.44,few clouds
273,Cumberland,US,35.0502,-78.8664,46.49,82,0,4.61,clear sky
274,Meadow Lake,US,34.8014,-106.5436,44.13,46,38,0.58,scattered clouds
275,Comodoro Rivadavia,AR,-45.8667,-67.5,76.86,31,0,2.3,clear sky
276,Buchanan,LR,5.8808,-10.0467,78.44,86,44,5.73,scattered clouds
277,Churapcha,RU,62.0025,132.4325,-18.78,98,99,2.95,overcast clouds
278,Mount Gambier,AU,-37.8333,140.7667,72.43,50,100,10.18,overcast clouds
279,Chapleau,CA,47.8405,-83.4034,23.09,93,40,13.8,scattered clouds
280,Fundacion,CO,10.5207,-74.185,78.96,82,23,2.66,few clouds
281,Esperance,AU,-33.8667,121.9,71.78,56,0,9.89,clear sky
282,Nakamura,JP,32.9833,132.9333,58.37,34,0,3.51,clear sky
283,Belene,BG,43.65,25.1167,38.14,80,41,1.99,scattered clouds
284,Ixtapa,MX,20.7,-105.2,76.23,78,0,9.22,clear sky
285,Maragogi,BR,-9.0122,-35.2225,77.0,77,55,7.38,broken clouds
286,Harur,IN,12.0667,78.5,64.71,91,26,2.82,scattered clouds
287,Ciudad Bolivar,VE,8.1222,-63.5497,76.55,79,100,10.78,overcast clouds
288,Trairi,BR,-3.2778,-39.2689,79.47,77,100,11.12,light rain
289,Itarema,BR,-2.9248,-39.9167,79.29,77,62,14.07,broken clouds
290,Ulaanbaatar,MN,47.9077,106.8832,8.01,84,8,5.46,clear sky
291,San Patricio,US,28.017,-97.5169,67.86,62,98,7.54,overcast clouds
292,Hoima,UG,1.4356,31.3436,69.64,46,100,2.17,overcast clouds
293,Ambulu,ID,-8.345,113.6058,81.82,71,100,2.86,overcast clouds
294,Lithakia,GR,37.7167,20.8333,45.77,76,20,0.69,few clouds
295,Nemuro,JP,43.3236,145.575,33.12,73,100,7.72,overcast clouds
296,Linden,GY,6.0,-58.3,71.76,99,82,2.33,broken clouds
297,Fairbanks,US,64.8378,-147.7164,6.76,79,100,0.0,light snow
298,Ugoofaaru,MV,5.6667,73.0,80.8,75,12,9.04,few clouds
299,Olinda,BR,-8.0089,-34.8553,80.33,69,40,5.75,scattered clouds
300,Iqaluit,CA,63.7506,-68.5145,-22.27,69,0,32.21,clear sky
301,Varca,IN,15.2167,73.9167,69.8,52,0,6.91,clear sky
302,Tautira,PF,-17.7333,-149.15,80.46,78,92,14.29,light rain
303,Cao Bang,VN,22.6667,106.25,66.38,56,0,0.43,clear sky
304,Caraballeda,VE,10.6112,-66.8522,76.32,93,69,8.52,broken clouds
305,Vostok,RU,46.4856,135.8833,9.03,89,100,3.62,light snow
306,Srednekolymsk,RU,67.45,153.6833,-42.32,96,36,5.84,scattered clouds
307,Taltal,CL,-25.4,-70.4833,68.74,74,3,2.71,clear sky
308,Balve,DE,51.3333,7.8667,45.0,95,100,10.47,moderate rain
309,Qujing,CN,25.4833,103.7833,47.14,61,0,2.59,clear sky
310,Huntley,US,42.1681,-88.4281,26.64,93,55,3.0,broken clouds
311,Ulladulla,AU,-35.35,150.4667,72.86,50,0,7.58,clear sky
312,Kongolo,CD,-5.3833,27.0,67.53,99,100,2.55,moderate rain
313,Springfield,US,37.2153,-93.2982,39.18,81,0,3.44,clear sky
314,Waipawa,NZ,-41.4122,175.5153,63.18,64,33,10.63,scattered clouds
315,Amuntai,ID,-2.4177,115.2494,75.94,94,100,0.94,light rain
316,Tonantins,BR,-2.8731,-67.8022,72.36,99,100,1.72,overcast clouds
317,Lubango,AO,-14.9172,13.4925,58.19,87,100,3.69,overcast clouds
318,Olden,NO,61.8364,6.8064,43.54,89,100,9.01,overcast clouds
319,Itacoatiara,BR,-3.1431,-58.4442,75.38,88,86,2.17,overcast clouds
320,Burley,US,42.5357,-113.7928,36.3,93,75,5.75,broken clouds
321,Mahina,PF,-17.5065,-149.489,85.77,66,75,11.5,light rain
322,Murmansk,RU,68.0,34.0,4.33,90,100,6.24,overcast clouds
323,Grindavik,IS,63.8424,-22.4338,30.67,86,75,39.12,broken clouds
324,Samfya,ZM,-11.3649,29.5565,63.79,97,100,4.34,moderate rain
325,Manresa,ES,41.725,1.8266,59.56,94,42,2.59,scattered clouds
326,Jasper,US,37.2001,-94.3502,37.87,65,0,0.0,clear sky
327,Omsukchan,RU,62.5333,155.8,-38.27,97,34,3.38,scattered clouds
328,Longyearbyen,SJ,78.2186,15.6401,9.25,98,100,4.92,overcast clouds
329,Carauari,BR,-4.8828,-66.8958,70.47,99,100,2.3,light rain
330,Flinders,AU,-34.5833,150.8552,80.19,63,0,7.0,clear sky
331,Misratah,LY,32.3754,15.0925,58.6,60,0,13.15,clear sky
332,Suntar,RU,62.1444,117.6319,-52.11,99,32,1.88,scattered clouds
333,Karratha,AU,-20.7377,116.8463,91.71,34,65,1.57,broken clouds
334,Cabra,ES,37.4725,-4.4421,55.11,98,100,11.32,overcast clouds
335,Yumen,CN,40.2833,97.2,24.64,31,0,7.92,clear sky
336,Northam,GB,51.0333,-4.2167,46.62,87,68,24.61,broken clouds
337,Turukhansk,RU,65.8167,87.9833,-30.32,90,62,7.29,broken clouds
338,Natal,BR,-5.795,-35.2094,77.65,83,20,5.75,few clouds
339,Nago,JP,26.5881,127.9761,68.45,60,41,6.89,scattered clouds
340,Port Macquarie,AU,-31.4333,152.9167,78.89,53,0,10.51,clear sky
341,Amahai,ID,-3.3333,128.9167,77.5,88,100,3.67,light rain
342,Saldanha,ZA,-33.0117,17.9442,59.05,95,5,5.88,clear sky
343,Sawtell,AU,-30.3833,153.1,82.18,53,0,13.8,clear sky
344,Bechem,GH,7.0903,-2.025,67.75,54,10,2.3,clear sky
345,Ust-Kuyga,RU,70.0167,135.6,-38.49,98,100,5.28,overcast clouds
346,Weligama,LK,5.9667,80.4167,76.15,86,27,1.21,scattered clouds
347,Rio Gallegos,AR,-51.6226,-69.2181,77.05,27,0,13.8,clear sky
348,Chara,RU,56.9064,118.2631,-1.12,86,100,2.15,overcast clouds
349,West Helena,US,34.5507,-90.6418,44.35,81,0,6.6,clear sky
350,Gunjur,GM,13.2019,-16.7339,77.07,57,0,3.44,clear sky
351,Saint-Francois,FR,46.4154,3.9054,44.04,76,75,8.05,broken clouds
352,Vestmannaeyjar,IS,63.4427,-20.2734,33.19,79,100,26.4,overcast clouds
353,Paddhari,IN,22.4333,70.6,66.61,64,0,7.31,clear sky
354,Mackay,AU,-21.15,149.2,93.69,65,61,9.78,broken clouds
355,Gushikawa,JP,26.3544,127.8686,67.62,64,20,3.44,few clouds
356,Berezovyy,RU,51.6667,135.7,-0.42,84,93,1.39,overcast clouds
357,Lages,BR,-27.8161,-50.3261,59.59,93,37,7.02,scattered clouds
358,Batsfjord,NO,70.6345,29.7185,19.33,92,100,48.34,heavy snow
359,Talara,PE,-4.5772,-81.2719,70.56,73,0,14.97,clear sky
360,Casma,CL,-41.0082,-73.1244,62.2,88,1,1.1,clear sky
361,Shizuishan,CN,39.2333,106.7694,33.66,35,1,1.54,clear sky
362,Jalu,LY,29.0331,21.5482,52.75,77,0,9.75,clear sky
363,Sale,MA,34.0389,-6.8166,60.75,100,75,6.91,drizzle
364,Saint-Augustin,CA,51.226,-58.6502,1.74,82,21,6.04,few clouds
365,Kapustin Yar,RU,48.5831,45.7372,6.66,88,15,6.55,few clouds
366,Chingirlau,KZ,51.095,54.0814,-17.57,99,60,5.5,broken clouds
367,Ostrovnoy,RU,68.0531,39.5131,7.21,91,45,15.88,scattered clouds
368,Hami,CN,42.8,93.45,27.12,47,3,3.29,clear sky
369,Iracoubo,GF,5.4802,-53.2011,74.59,93,100,6.87,light rain
370,Tshela,CD,-4.9833,12.9333,72.16,99,100,1.14,overcast clouds
371,Port Hardy,CA,50.6996,-127.4199,44.78,87,75,23.02,broken clouds
372,Pisco,PE,-13.7,-76.2167,69.85,83,0,4.61,clear sky
373,Clovis,US,36.8252,-119.7029,58.89,81,100,1.01,overcast clouds
374,Haapiti,PF,-17.5667,-149.8667,85.73,77,27,12.26,light rain
375,Mayo,US,38.8876,-76.5119,42.17,78,100,13.8,overcast clouds
376,Kirillov,RU,59.863,38.3813,-26.64,99,13,4.18,few clouds
377,Maputo,MZ,-25.9653,32.5892,67.68,88,20,2.3,few clouds
378,Coahuayana,MX,18.7333,-103.6833,72.16,90,7,2.66,clear sky
379,Mnogovershinnyy,RU,53.9353,139.9242,0.93,88,99,3.22,overcast clouds
380,Sorochinsk,RU,52.4338,53.1583,-26.93,100,69,3.78,broken clouds
381,Birao,CF,10.2849,22.7882,60.96,24,55,6.4,broken clouds
382,Aktas,KZ,49.7789,72.9608,-2.45,94,12,11.88,few clouds
383,Sao Joao Da Barra,BR,-21.6403,-41.0511,69.94,94,100,5.44,overcast clouds
384,Charleville-Mezieres,FR,49.7667,4.7167,41.77,89,76,13.87,broken clouds
385,Uruguaiana,BR,-29.7547,-57.0883,80.53,50,0,3.44,clear sky
386,Quatre Cocos,MU,-20.2078,57.7625,77.11,77,19,10.07,light rain
387,Necochea,AR,-38.5473,-58.7368,68.38,70,100,17.02,overcast clouds
388,Bilma,NE,18.6853,12.9164,57.4,30,11,12.62,few clouds
389,Port Hawkesbury,CA,45.6169,-61.3485,22.62,81,0,16.11,clear sky
390,Iranshahr,IR,27.2025,60.6848,57.72,71,93,3.31,overcast clouds
391,Hecun,CN,36.5333,114.1111,38.82,33,26,9.46,scattered clouds
392,Nizwa,OM,22.9333,57.5333,61.2,86,1,1.16,clear sky
393,San Policarpo,PH,12.1791,125.5072,78.98,85,100,16.2,overcast clouds
394,Mamakan,RU,57.8161,114.0028,13.3,96,100,4.16,light snow
395,Saint-Pierre,RE,-21.3393,55.4781,76.68,61,0,6.91,clear sky
396,Khandagayty,RU,50.7333,92.05,-2.49,99,98,1.79,overcast clouds
397,Westport,US,41.1415,-73.3579,38.55,75,0,8.01,clear sky
398,Bogande,BF,12.9714,-0.1436,71.19,22,2,8.97,clear sky
399,Ahipara,NZ,-35.1667,173.1667,74.08,66,100,10.11,overcast clouds
400,Tocopilla,CL,-22.092,-70.1979,71.55,68,2,9.55,clear sky
401,Chitral,PK,35.8462,71.7858,38.25,93,100,0.51,overcast clouds
402,Petropavlovsk-Kamchatskiy,RU,53.0452,158.6483,9.19,48,0,8.95,clear sky
403,Aykhal,RU,66.0,111.5,-53.97,100,63,3.22,broken clouds
404,Adrar,MR,20.5022,-10.0711,61.18,15,100,11.01,overcast clouds
405,Saravan,AM,39.7196,45.6483,18.37,83,96,4.45,overcast clouds
406,Hong Gai,VN,20.956,107.0946,66.11,88,100,2.42,overcast clouds
407,Launceston,AU,-41.45,147.1667,76.64,46,53,5.75,broken clouds
408,Marsaxlokk,MT,35.8419,14.5431,59.07,82,20,5.75,few clouds
409,Oum Hadjer,TD,13.2954,19.6966,65.16,18,100,11.45,overcast clouds
410,Leshukonskoye,RU,64.8989,45.7622,-37.41,100,44,3.11,scattered clouds
411,Nha Trang,VN,12.25,109.1833,73.4,94,100,5.3,moderate rain
412,Chardara,KZ,41.2547,67.9692,37.24,80,100,9.26,light rain
413,Alice Springs,AU,-23.7,133.8833,65.75,94,100,6.91,overcast clouds
414,Dingle,PH,10.9995,122.6711,76.6,90,100,11.81,overcast clouds
415,Ossora,RU,59.2353,163.0719,-2.61,82,100,4.65,overcast clouds
416,Kruisfontein,ZA,-34.0033,24.7314,60.89,64,0,4.23,clear sky
417,Daru,PG,-9.0763,143.2092,86.04,70,41,2.19,light rain
418,Iaciara,BR,-14.0958,-46.6317,69.4,93,100,1.61,moderate rain
419,Bull Savanna,JM,17.8868,-77.5902,72.93,82,51,3.02,broken clouds
420,Rameswaram,IN,9.2833,79.3,78.1,68,46,20.09,scattered clouds
421,Pacific Grove,US,36.6177,-121.9166,57.42,86,100,14.0,overcast clouds
422,Shinyanga,TZ,-3.6667,33.4333,66.92,84,94,2.35,light rain
423,Deep River,CA,46.1001,-77.4995,17.92,98,100,3.31,overcast clouds
424,Clyde River,CA,70.4692,-68.5914,-25.37,68,0,9.22,clear sky
425,Safford,US,32.834,-109.7076,58.12,35,0,4.61,clear sky
426,Gewane,ET,10.1664,40.6453,71.58,57,64,3.36,broken clouds
427,Kushima,JP,31.4583,131.2333,57.78,36,34,5.28,scattered clouds
428,Portland,US,45.5234,-122.6762,48.18,94,100,8.01,mist
429,Cabedelo,BR,-6.9811,-34.8339,79.47,75,100,10.67,overcast clouds
430,Provideniya,RU,64.3833,-173.3,5.36,85,40,18.01,scattered clouds
431,Qui Nhon,VN,13.7667,109.2333,71.96,91,98,10.45,overcast clouds
432,Alamogordo,US,32.8995,-105.9603,48.22,51,20,3.44,few clouds
433,Waddan,LY,29.1614,16.139,51.15,89,2,6.55,clear sky
434,Sao Felix Do Xingu,BR,-6.6447,-51.995,71.01,96,100,0.89,very heavy rain
435,Culfa,AZ,38.9558,45.6308,31.87,81,100,5.32,overcast clouds
436,Kununurra,AU,-15.7667,128.7333,89.58,62,40,9.22,scattered clouds
437,Rodrigues Alves,BR,-7.738,-72.6509,74.48,87,90,3.44,overcast clouds
438,Ukiah,US,39.1502,-123.2078,54.37,82,40,4.61,scattered clouds
439,Pangoa,PE,-12.1167,-73.0,72.0,77,74,3.02,broken clouds
440,Beloha,MG,-25.1667,45.05,73.18,91,100,2.64,overcast clouds
441,Laurel,US,39.0993,-76.8483,41.45,71,100,9.22,overcast clouds
442,Nong Phai,TH,15.9903,101.0618,73.81,56,100,4.05,overcast clouds
443,Grinnell,US,41.743,-92.7224,27.91,91,0,6.91,clear sky
444,Stornoway,GB,58.2093,-6.3865,40.93,89,40,5.75,scattered clouds
445,La Asuncion,VE,11.0333,-63.8628,65.93,100,55,12.66,broken clouds
446,Madang,PG,-5.2246,145.7966,84.58,70,96,3.04,overcast clouds
447,Arrecife,ES,28.963,-13.5477,62.58,77,20,9.22,few clouds
448,Pimentel,PE,-6.8367,-79.9342,70.09,78,0,17.27,clear sky
449,Victor Harbor,AU,-35.5667,138.6167,68.0,75,3,1.01,clear sky
450,Labuhan,ID,-6.8844,112.2051,82.04,71,100,8.41,overcast clouds
451,Kulhudhuffushi,MV,6.6221,73.07,80.56,70,10,3.18,clear sky
452,Naze,JP,28.3667,129.4833,59.92,55,77,1.74,broken clouds
453,Vanimo,PG,-2.6741,141.3028,79.32,87,100,4.63,moderate rain
454,Vila,PT,42.0304,-8.1588,41.88,95,90,4.59,overcast clouds
455,Awbari,LY,26.5921,12.7805,47.23,56,0,5.26,clear sky
456,Aransas Pass,US,27.9095,-97.15,65.98,68,0,9.22,clear sky
457,Waw,SS,7.7029,27.9953,71.64,25,48,6.89,scattered clouds
458,Samarai,PG,-10.6167,150.6667,85.41,69,100,8.75,overcast clouds
459,Talaya,RU,61.3833,152.75,-24.3,96,100,3.42,light snow
460,Paamiut,GL,61.994,-49.6678,25.7,68,100,10.85,overcast clouds
461,Cam Ranh,VN,11.9214,109.1591,73.36,94,75,4.61,light rain
462,Koyelga,RU,54.6522,60.9049,-11.34,95,100,8.55,overcast clouds
463,Tha Chang,TH,9.2642,99.1922,79.21,94,20,0.0,few clouds
464,Allapalli,IN,19.4167,80.0667,52.81,31,0,1.36,clear sky
465,Okhotsk,RU,59.3833,143.3,-20.7,78,10,13.47,clear sky
466,Thinadhoo,MV,0.5333,72.9333,80.11,76,100,8.28,overcast clouds
467,Marawi,PH,7.9986,124.2928,74.41,80,100,4.38,overcast clouds
468,Christchurch,NZ,-43.5333,172.6333,71.42,54,9,19.57,clear sky
469,Aklavik,CA,68.2191,-135.0107,-6.16,99,100,5.73,light snow
470,Pemberton,CA,50.3164,-122.8027,37.09,98,100,4.32,overcast clouds
471,Pachino,IT,36.7186,15.0907,55.9,77,0,12.21,clear sky
472,Bakchar,RU,57.0186,82.0711,5.92,86,100,16.84,overcast clouds
473,Kitimat,CA,54.0524,-128.6534,35.98,92,10,3.85,clear sky
474,Noumea,NC,-22.2763,166.4572,82.38,70,95,18.5,overcast clouds
475,Sampit,ID,-2.5333,112.95,83.5,70,99,2.95,overcast clouds
476,Espanola,US,35.9911,-106.0806,43.54,43,100,1.52,overcast clouds
477,Ambon,ID,-3.6954,128.1814,80.74,83,40,9.22,scattered clouds
478,Viedma,AR,-40.8135,-62.9967,77.23,53,75,23.58,broken clouds
479,Xining,CN,36.6167,101.7667,29.55,20,98,1.52,overcast clouds
480,Faya,SA,18.3851,42.4509,50.52,77,2,5.35,clear sky
481,Diego De Almagro,CL,-26.3667,-70.05,66.18,40,0,1.99,clear sky
482,Manaus,BR,-3.1019,-60.025,77.5,88,0,2.3,clear sky
483,Mbandaka,CD,0.0487,18.2603,72.0,85,84,3.69,broken clouds
484,Kendari,ID,-3.945,122.4989,79.74,83,100,3.76,light rain
485,Primero De Enero,CU,21.9469,-78.4283,71.78,83,0,5.97,light rain
486,Opotiki,NZ,-38.0833,177.2833,78.39,68,70,12.93,broken clouds
487,Port Pirie,AU,-33.1833,138.0167,90.34,30,5,15.32,clear sky
488,La Palma,US,33.8464,-118.0467,65.01,73,75,6.91,broken clouds
489,Mogadishu,SO,2.0371,45.3438,76.68,85,93,18.25,overcast clouds
490,Perelyub,RU,51.8667,50.3667,-17.18,96,9,8.1,clear sky
491,Kilindoni,TZ,-7.9139,39.6668,80.94,77,41,7.54,scattered clouds
492,Tiznit,MA,29.5833,-9.5,52.72,55,0,1.19,clear sky
493,Golovino,RU,55.9613,40.4251,-30.75,100,70,3.74,broken clouds
494,Turtas,RU,58.9417,69.1325,-23.58,92,73,9.75,broken clouds
495,Hoegaarden,BE,50.7758,4.8874,44.22,92,20,12.66,few clouds
496,Roros,NO,62.5747,11.3842,35.44,80,100,12.66,overcast clouds
497,Mar Del Plata,AR,-38.0023,-57.5575,72.09,89,0,20.0,clear sky
498,Nome,US,64.5011,-165.4064,14.07,79,100,11.5,overcast clouds
499,Esna,EG,25.2934,32.554,51.82,53,0,8.39,clear sky
500,Sivaki,RU,52.6333,126.75,-3.5,87,5,7.02,clear sky
501,Baykit,RU,61.67,96.37,-6.95,99,100,4.47,light snow
502,Ambilobe,MG,-13.2,49.05,72.36,95,0,2.66,clear sky
503,Kailua,US,21.4022,-157.7394,80.01,71,4,3.0,clear sky
504,Shebalino,RU,51.2917,85.6772,34.97,79,100,12.17,overcast clouds
505,Zheleznodorozhnyy,RU,55.7503,38.0042,1.81,100,89,4.65,overcast clouds
506,Baranchinskiy,RU,58.1617,59.6991,-24.05,94,99,3.56,overcast clouds
507,Poum,NC,-20.2333,164.0167,79.56,68,49,17.09,scattered clouds
508,Kandi,BJ,11.1342,2.9386,70.32,20,32,6.29,scattered clouds
509,Praia Da Vitoria,PT,38.7333,-27.0667,62.85,88,75,12.03,broken clouds
510,Okakarara,NA,-20.5833,17.4333,70.66,39,25,5.26,scattered clouds
511,Laviana,ES,43.2333,-5.5333,50.29,88,100,3.69,overcast clouds
512,Tuatapere,NZ,-46.1333,167.6833,73.8,56,12,7.87,few clouds
513,Evensk,RU,61.95,159.2333,-15.02,80,98,3.85,overcast clouds
514,Hofn,IS,64.2539,-15.2082,37.62,67,100,17.58,overcast clouds
515,Luba,GQ,3.4568,8.5547,79.03,84,62,6.91,broken clouds
516,Luganville,VU,-15.5333,167.1667,87.12,67,100,1.7,overcast clouds
517,Cap Malheureux,MU,-19.9842,57.6142,76.46,76,4,4.0,clear sky
518,Tessalit,ML,20.1986,1.0114,60.69,16,100,10.87,overcast clouds
519,Zatoka,UA,46.0725,30.4654,39.96,90,100,22.59,light rain
520,Nikki,BJ,9.9401,3.2108,70.02,17,22,5.64,few clouds
521,Muscat,OM,23.6139,58.5922,71.62,74,0,2.06,clear sky
522,Antalaha,MG,-14.9003,50.2788,73.04,91,10,4.52,clear sky
523,Torbay,CA,47.6666,-52.7314,29.57,92,100,12.93,snow
524,Nabire,ID,-3.3667,135.4833,79.18,85,100,2.21,overcast clouds
525,Phuket,TH,8.0,98.25,84.09,73,20,5.75,few clouds
526,Kutum,SD,14.2,24.6667,55.22,28,100,7.23,overcast clouds
527,Conde,BR,-7.2597,-34.9075,78.26,78,0,4.61,clear sky
528,Outjo,NA,-20.1167,16.15,68.11,34,37,9.62,scattered clouds
529,Kaka,TM,37.3482,59.6143,38.08,77,100,9.04,overcast clouds
530,Gizo,SB,-8.103,156.8419,84.4,71,98,7.56,light rain
531,Pilar,BR,-9.5972,-35.9567,73.33,88,86,5.79,overcast clouds
532,San Carlos,VE,9.6612,-68.5827,75.06,82,86,3.49,overcast clouds
533,Egvekinot,RU,66.3167,-179.1667,-2.24,88,99,7.18,overcast clouds
534,Lubao,PH,14.9167,120.55,78.87,65,16,12.95,few clouds
535,Haines Junction,CA,60.7522,-137.5108,17.69,99,93,2.15,overcast clouds
536,Deputatskiy,RU,69.3,139.9,-21.95,97,100,2.51,overcast clouds
537,Muros,ES,42.7762,-9.0603,49.68,95,53,11.77,broken clouds
538,Sakakah,SA,29.9697,40.2064,51.37,68,100,4.63,light rain
539,Susangerd,IR,31.5608,48.1831,54.48,58,5,3.15,clear sky
540,Beisfjord,NO,68.3751,17.5988,32.05,81,100,11.97,overcast clouds
541,Sorland,NO,67.667,12.6934,40.86,76,100,22.75,overcast clouds
542,Yeppoon,AU,-23.1333,150.7333,85.78,62,64,11.03,broken clouds
543,Bela Vista,BR,-22.1089,-56.5211,73.24,69,0,4.14,clear sky
544,Rajpipla,IN,21.8667,73.5,61.61,32,0,3.4,clear sky
545,Borogontsy,RU,62.6683,131.1683,-21.71,98,99,3.74,overcast clouds
546,Korla,CN,41.7597,86.1469,28.6,41,100,3.22,overcast clouds
547,San Vicente,AR,-26.6167,-54.1333,66.92,56,62,2.73,broken clouds
548,North Bend,US,43.4065,-124.2243,52.86,90,75,9.22,broken clouds
549,Capao Da Canoa,BR,-29.7456,-50.0097,70.39,81,12,11.36,few clouds
550,Dwarka,IN,22.2394,68.9678,70.47,69,0,9.4,clear sky
551,Praya,CV,14.9215,-23.5087,72.14,73,20,20.71,few clouds
552,Brae,GB,60.3964,-1.353,44.15,81,93,17.98,overcast clouds
553,Nyrob,RU,60.733,56.7202,-33.47,97,38,4.88,scattered clouds
554,Payo,ID,-3.7508,103.6372,76.12,84,100,0.36,overcast clouds
555,Husavik,IS,66.0449,-17.3389,34.47,99,100,17.07,snow
556,Tagusao,PH,9.1924,117.8141,81.54,72,99,1.03,overcast clouds
557,Ewa Beach,US,21.3156,-158.0072,79.97,71,75,11.5,broken clouds
558,Ust-Omchug,RU,61.15,149.6333,-25.42,97,100,4.72,overcast clouds
559,Cabildo,AR,-38.4842,-61.8954,86.79,21,11,13.89,few clouds
560,Sars,RU,56.5502,57.1366,-24.32,100,100,2.95,overcast clouds
561,Tahoua,NE,14.8888,5.2692,66.34,27,14,10.87,few clouds
562,Aylmer,CA,42.7668,-80.983,28.98,80,86,4.52,overcast clouds
563,Great Yarmouth,GB,52.6083,1.7305,40.44,88,42,10.98,scattered clouds
564,Mundo Nuevo,MX,18.7,-95.5,74.03,83,0,8.77,clear sky
565,Puerto Ayacucho,VE,5.6639,-67.6236,74.89,92,100,4.7,light rain
566,Halifax,CA,44.6453,-63.5724,21.2,83,2,8.05,clear sky
567,Broome,US,42.2506,-75.833,31.86,78,0,5.75,clear sky
568,Kamenka,RU,51.3223,42.7678,2.64,96,100,3.49,overcast clouds
569,Pangnirtung,CA,66.1451,-65.7125,-13.41,73,21,3.78,few clouds
570,Latehar,IN,23.75,84.5,50.45,23,0,2.01,clear sky
571,Tuy Hoa,VN,13.0833,109.3,71.33,95,100,6.87,overcast clouds
572,Barentu,ER,15.1139,37.5928,65.46,56,3,0.96,clear sky
573,Kedrovyy,RU,56.1667,91.8167,36.01,81,100,11.36,overcast clouds
574,Hammerfest,NO,70.6634,23.6821,21.65,73,100,18.41,overcast clouds
575,Panjakent,TJ,39.4952,67.6093,35.47,74,31,6.35,scattered clouds
576,Kyra,RU,49.5776,111.9753,-0.83,90,9,3.06,clear sky
577,Ninghai,CN,29.2892,121.4247,58.89,56,100,1.34,overcast clouds
578,Lulea,SE,65.5842,22.1547,24.87,93,100,18.41,light snow
579,Thyolo,MW,-16.0678,35.1405,63.43,99,100,1.88,light rain
580,Akdepe,TM,42.0551,59.3788,17.69,45,29,7.27,scattered clouds
581,Tomatlan,MX,19.9333,-105.25,69.71,78,0,2.75,clear sky
582,Najran,SA,17.4924,44.1277,54.25,89,0,1.45,clear sky
583,Phan Thiet,VN,10.9333,108.1,76.33,87,97,6.96,overcast clouds
584,Touros,BR,-5.1989,-35.4608,79.2,74,87,12.26,overcast clouds
585,Presidencia Roque Saenz Pena,AR,-26.7852,-60.4388,78.33,27,82,4.7,broken clouds
586,Tabasalu,EE,59.4303,24.5331,22.26,80,75,25.99,broken clouds
587,Ouahigouya,BF,13.5828,-2.4216,70.77,23,70,11.16,broken clouds
588,Lakes Entrance,AU,-37.8811,147.981,74.8,49,5,7.9,clear sky
589,Loreto,MX,22.2667,-101.9667,58.96,31,9,9.22,clear sky
590,Nazret,ET,8.55,39.2667,57.78,69,89,5.53,overcast clouds
591,Kupang,ID,-10.1667,123.5833,82.98,78,40,9.22,scattered clouds
592,Palmer,US,42.1584,-72.3287,30.61,79,0,6.91,clear sky
593,Alappuzha,IN,9.49,76.3264,75.0,78,0,5.41,clear sky
594,Marshall,US,34.3834,-86.3333,52.41,80,75,6.91,broken clouds
595,Kasongo-Lunda,CD,-6.4667,16.8167,68.67,91,100,1.86,overcast clouds
596,Maceio,BR,-9.6658,-35.7353,74.64,88,0,5.75,clear sky
597,Lensk,RU,60.7253,114.9278,-13.67,100,100,3.38,overcast clouds
598,Omboue,GA,-1.5746,9.2618,74.57,91,100,3.47,light rain
599,Atambua,ID,-9.1061,124.8925,81.3,67,43,2.28,scattered clouds
600,Kaeo,NZ,-35.1,173.7833,73.33,81,100,14.32,overcast clouds
601,Axim,GH,4.8699,-2.2405,78.37,88,16,4.5,few clouds
602,Lodingen,NO,68.414,15.9951,35.55,74,93,6.71,overcast clouds
603,Fershampenuaz,RU,53.5202,59.8117,-24.27,96,97,4.07,overcast clouds
604,Inirida,CO,3.8653,-67.9239,72.27,96,67,1.23,broken clouds
605,Emerald,AU,-23.5333,148.1667,94.33,40,85,9.57,overcast clouds
606,Lazdijai,LT,54.2333,23.5167,31.8,93,100,16.06,overcast clouds
607,Susurluk,TR,39.9136,28.1578,41.85,77,0,1.92,clear sky
608,Fairview,US,40.8126,-73.999,39.2,71,40,10.0,scattered clouds
609,Ambagarh Chauki,IN,20.7833,80.7167,51.98,24,0,4.7,clear sky
610,Hyeres,FR,43.1167,6.1167,56.95,77,0,9.22,light rain
611,Tchollire,CM,8.4022,14.1698,66.2,26,90,1.03,overcast clouds
612,Shahreza,IR,32.0339,51.8794,32.59,58,1,3.36,clear sky
613,San Andres,CO,12.5847,-81.7006,80.62,78,20,10.36,light rain
614,Khandyga,RU,62.6667,135.6,-24.57,97,100,2.44,overcast clouds
615,Nadvoitsy,RU,63.8667,34.3167,-1.86,86,100,10.27,overcast clouds
616,Byron Bay,AU,-28.65,153.6167,82.94,53,8,11.39,clear sky
617,Betsiamites,CA,48.9413,-68.646,21.6,77,100,12.12,overcast clouds
618,Hualmay,PE,-11.0964,-77.6139,69.55,82,69,8.12,broken clouds
619,Rosarito,MX,32.3333,-117.0333,62.4,66,86,6.55,overcast clouds
620,Balabac,PH,7.9868,117.0645,81.28,77,72,11.12,broken clouds
621,Simplicio Mendes,BR,-7.8539,-41.9103,79.5,52,78,0.51,broken clouds
622,Ekhabi,RU,53.5102,142.9671,5.27,91,100,11.41,overcast clouds
623,Morristown,US,36.214,-83.2949,46.38,86,100,5.75,fog
624,Donghai,CN,22.9459,115.642,64.72,63,100,5.41,overcast clouds
625,Chumikan,RU,54.7183,135.315,-4.86,85,98,19.69,overcast clouds
626,Vuktyl,RU,63.8567,57.3094,-26.64,99,100,1.03,overcast clouds
627,Tura,IN,25.5198,90.2201,61.3,51,0,2.06,clear sky
628,Havre-Saint-Pierre,CA,50.2334,-63.5986,15.8,85,100,4.61,light snow
629,Ust-Tsilma,RU,65.441,52.1498,-12.69,97,78,7.47,broken clouds
630,Berbera,SO,10.4396,45.0143,74.41,75,8,5.28,clear sky
631,Bulawayo,ZW,-20.15,28.5833,56.1,89,88,7.02,overcast clouds
632,Kokopo,PG,-4.352,152.2633,85.44,65,100,9.24,overcast clouds
633,Virginia Beach,US,36.8529,-75.978,44.65,95,100,4.0,light rain
634,Labuan,MY,5.2767,115.2417,77.36,88,40,3.44,scattered clouds
635,Lakatoro,VU,-16.0999,167.4164,84.18,73,100,10.42,overcast clouds
636,Mizdah,LY,31.4451,12.9801,46.67,55,0,8.32,clear sky
637,Apateu,RO,46.6167,21.7833,50.41,76,98,8.05,overcast clouds
638,Cruzeiro Do Oeste,BR,-23.785,-53.0733,70.39,77,53,5.08,broken clouds
639,Bataipora,BR,-22.2953,-53.2711,73.24,76,62,6.67,broken clouds
640,Moron,AR,-34.6534,-58.6198,76.96,74,0,11.9,clear sky
641,Lakhimpur,IN,27.95,80.7667,48.79,51,0,4.05,clear sky
642,Knysna,ZA,-34.0363,23.0471,67.24,83,0,4.47,clear sky
643,Obo,CF,5.3998,26.4869,67.23,33,66,3.69,broken clouds
644,Askarovo,RU,53.3372,58.5089,-19.25,69,20,8.95,few clouds
645,Matveyevka,RU,52.15,56.1833,-33.97,100,97,3.33,overcast clouds
646,Talnakh,RU,69.4865,88.3972,-36.63,98,27,3.36,scattered clouds
647,Sabzevar,IR,36.2126,57.6819,39.76,61,7,4.65,clear sky
648,Rafraf,TN,37.1904,10.1837,50.31,45,98,11.5,overcast clouds
649,Taonan,CN,45.3333,122.7833,18.66,38,0,7.67,clear sky
650,Hervey Bay,AU,-25.2986,152.8535,79.02,76,100,8.01,overcast clouds
651,Mbini,GQ,1.574,9.6134,77.68,87,98,7.72,overcast clouds
652,Wainwright,CA,52.839,-110.8572,9.99,98,95,1.99,overcast clouds
653,Ballina,AU,-28.8667,153.5667,83.01,62,1,10.29,clear sky
654,Basco,PH,20.4487,121.9702,75.34,64,56,19.37,broken clouds
655,Salalah,OM,17.0151,54.0924,71.69,73,0,4.61,clear sky
656,Changying,CN,52.8733,123.3213,-3.42,88,32,4.68,scattered clouds
657,Makurdi,NG,7.7411,8.5121,72.95,21,80,2.93,broken clouds
658,Linxi,CN,39.7,118.4333,36.34,28,61,3.67,broken clouds
659,Plaeng Yao,TH,13.5847,101.284,84.15,33,17,8.72,few clouds
660,Nioro,GM,13.35,-15.75,78.66,23,100,8.5,overcast clouds
661,Tilichiki,RU,60.4667,166.1,-12.78,90,97,10.42,overcast clouds
662,Oktyabrskoye,RU,43.0645,44.7417,12.34,85,99,2.24,overcast clouds
663,Te Anau,NZ,-45.4167,167.7167,80.65,37,0,2.93,clear sky
664,Toora-Khem,RU,52.4675,96.11,8.13,92,100,3.09,overcast clouds
665,Rabak,SD,13.1809,32.74,66.54,27,2,10.89,clear sky
666,Pontian Kecil,MY,1.4801,103.3899,82.22,85,79,4.43,broken clouds
667,Batagay,RU,67.6333,134.6333,-59.28,99,88,0.89,overcast clouds
668,Flin Flon,CA,54.7682,-101.865,1.13,99,98,4.72,overcast clouds
669,Kavieng,PG,-2.5744,150.7967,83.79,73,90,10.11,light rain
670,Rabo De Peixe,PT,37.8,-25.5833,60.31,100,75,6.91,broken clouds
671,Uruzgan,AF,32.8333,66.0,33.69,80,6,7.49,clear sky
672,Morondava,MG,-20.2833,44.2833,77.27,88,100,11.16,overcast clouds
673,Ponta Delgada,PT,37.7333,-25.6667,61.52,100,75,6.91,broken clouds
674,Manacapuru,BR,-3.2997,-60.6206,77.5,83,88,0.98,moderate rain
675,Kralendijk,BQ,12.15,-68.2667,78.78,89,40,10.36,scattered clouds
676,Challakere,IN,14.3167,76.65,62.62,52,0,5.03,clear sky
677,Channapatna,IN,12.65,77.2167,61.41,85,0,4.61,light rain
678,Svetlyy,RU,54.675,20.1347,35.65,94,100,14.38,overcast clouds
679,Sola,VU,-13.8833,167.55,82.42,72,100,17.09,overcast clouds
680,Jabinyanah,TN,35.035,10.9081,51.6,47,59,16.98,broken clouds
681,Naron,ES,43.5167,-8.1528,54.01,71,63,13.09,broken clouds
682,Manggar,ID,-2.8833,108.2667,79.36,80,100,3.31,moderate rain
683,Corn Island,NI,12.1694,-83.0418,79.86,75,23,16.04,few clouds
684,Mouila,GA,-1.8685,11.0559,72.75,97,99,1.23,overcast clouds
685,Parana,AR,-31.732,-60.5238,86.52,50,37,8.08,scattered clouds
686,Half Moon Bay,US,37.4636,-122.4286,60.84,78,20,8.05,mist
687,Agadir,MA,30.4202,-9.5982,50.45,67,1,5.17,clear sky
688,Inhambane,MZ,-23.865,35.3833,69.76,81,24,7.16,few clouds
689,Hamilton,US,39.1834,-84.5333,38.8,79,100,8.05,overcast clouds
690,Jacqueville,CI,5.2052,-4.4146,79.07,89,14,5.59,few clouds
691,Kenai,US,60.5544,-151.2583,2.14,79,0,5.75,clear sky
692,Iberia,US,29.9502,-91.7507,64.36,82,100,9.22,overcast clouds
693,Sembe,CG,1.6481,14.5806,69.21,55,81,1.88,broken clouds
694,Sosnovo-Ozerskoye,RU,52.5249,111.5418,-3.26,98,69,5.59,broken clouds
695,Gillette,US,44.2911,-105.5022,32.92,63,0,20.71,clear sky
696,Luocheng,CN,29.3848,104.0286,51.46,65,0,0.49,clear sky
697,Monchegorsk,RU,67.9397,32.8739,9.91,76,100,22.5,overcast clouds
698,Atar,MR,20.5169,-13.0499,67.77,15,97,15.79,overcast clouds
699,Bodden Town,KY,19.2833,-81.25,78.8,85,20,8.05,few clouds
700,Graham,US,47.0529,-122.2943,45.59,90,20,4.61,few clouds
701,Erenhot,CN,43.6475,111.9767,20.23,65,0,5.7,clear sky
702,Tsabong,BW,-26.0217,22.401,76.93,32,0,11.1,clear sky
703,Bowen,AU,-20.0167,148.2333,82.18,65,3,7.65,clear sky
704,Bairnsdale,AU,-37.8333,147.6167,81.82,36,6,8.32,clear sky
705,Salta,AR,-24.7859,-65.4117,67.57,75,100,4.0,overcast clouds
706,Upington,ZA,-28.4478,21.2561,68.38,30,0,4.61,clear sky
707,Miraflores,MX,19.2167,-98.8083,64.02,61,4,3.69,clear sky
